GRID_ID,Tarih,Target,Negative_Type,Varyant,Bolge,M_T_Celsius,M_Dewpoint_C,M_Wind_Speed,M_RH_Percent,M_SurfPressure,M_Soil_L1,M_VPD_kPa,FWI_FFMC,FWI_DMC,FWI_DC,FWI_ISI,FWI_BUI,FWI_Final,M_Precip_7Day,M_Precip_30Day,M_Precip_90Day,M_Days_Since_Rain,pixel_count,elevation,slope_mean,northness,eastness,perc_tree,perc_shrub_grass,perc_agri,perc_water,NDVI,ERA5_lat,ERA5_lon,u10,v10,wind_sin,wind_cos,chimney_index,chimney_effect,days_since_last_fire,twi_proxy,dist_road_all,dist_road_forest,dist_settlement,log_dist_road,log_dist_forest,log_dist_settlement,I_FWI_x_NDVI,I_FWI_x_Wind,I_VPD_x_DryDays,I_Dewpoint_x_Wind,I_FWI_x_NDVI_CON,I_Wind_x_RoadDist,T_month_sin,T_month_cos,T_doy_sin,T_doy_cos,year
882dac2b45fffff,2023-07-16,1,POZITIF,-,MED,35.345855712890625,3.435943603515625,3.1777074337005615,13.636816024780273,91027.125,0.1201934814453125,4.949524879455566,98.59711563526538,267.96735608039415,576.7921447521624,16.453291250762383,267.39999796239755,54.44954665966692,0.2860560012049973,3.537438520346768,104.36340620240662,26.0,54.0,961.3096839696042,9.177368666049531,-0.6053474797818768,-0.1490511389692018,0.1624004898958968,0.5676339268411785,0.2694714240312535,0.0,0.34740000000000004,37.199999999999925,37.00000000000016,1.010632832845052,-2.4632309675216675,-0.9251585234735089,0.3795809616462828,-0.09188244685496699,-0.8432390887267354,5675,5.805696275888738,201.3380887279324,277.7963952021027,3016.709286634439,5.309940004889168,5.630481749111613,8.01225330819189,35.53377415009863,173.02472918204916,128.68764686584473,10.918423530667496,18.915772509568292,0.5036034306567668,-0.4999999999999997,-0.8660254037844388,-0.24702218048093527,-0.9690098257244063,2023
883f6306b1fffff,2021-07-29,1,POZITIF,-,MED,36.086090087890625,3.133453369140625,2.947628974914551,12.815522193908691,92201.4375,0.1349334716796875,5.204143524169922,97.560134858092,187.5998387778605,700.6924711113647,14.18508019022297,224.75965755819433,49.17225012820726,2.4409196375636384,2.8006734620794305,67.64353596568253,4.0,85.0,875.9678372549863,34.65655680959823,-0.3017844937275623,0.232975840615227,0.7066560718543217,0.2717830679048218,0.0,0.0,0.6026,36.99999999999992,28.800000000000047,-1.21588134765625,-1.8819651206334431,-0.8399487410059017,-0.5426657465536228,-0.03191965642257688,-1.1062253861518927,4958,4.8103703228680486,2248.2643175066605,3790.1067765525277,4097.765716620147,7.7183584717350815,8.240413280920933,8.318441162642545,19.541052200949565,144.94154923964945,20.816574096679688,9.236257942422526,29.631197927257695,0.33809449158012533,-0.4999999999999997,-0.8660254037844388,-0.455906693508459,-0.8900275764346766,2021
882d126821fffff,2013-10-17,1,POZITIF,-,MED,24.918853759765625,9.207672119140625,1.5180249214172363,36.93156433105469,99839.75,0.2427978515625,1.9882311820983887,90.18682389244111,37.65085701641864,379.8944444033529,4.75355106027615,60.34894496821292,14.169298518310466,0.012838838272728026,127.18454120238312,146.43167692865245,14.0,74.0,238.25363370084855,17.05167459072429,-0.724423412135516,0.248787548839127,0.2083941422366135,0.7843156969285533,0.0072901608348322,0.0,0.4176,36.89999999999992,35.700000000000145,0.11919085184733073,-0.7010097503662109,-0.9858513863183825,0.16762172918247575,-0.3666966549242301,-6.252792033275087,2116,5.4826393669181,249.31374868890882,249.31374868890882,1047.07513650188,5.522715125770221,5.522715125770221,6.954710557446396,8.252199457064016,21.50934826979561,27.83523654937744,13.977475745094125,5.917099061246451,0.23272899278089867,-0.8660254037844386,0.5000000000000001,-0.9611297838723007,0.27609697309746883,2013
882da16b1dfffff,2012-09-28,1,POZITIF,-,MED,33.360504150390625,1.966461181640625,1.583606481552124,13.714834213256836,94349.4375,0.1741485595703125,4.428811073303223,96.35122147809615,136.6554444400558,1189.7554411162866,11.265887234388341,212.33797804031246,42.26938307653081,0.4602650897577405,8.36949946905952,23.92166261197417,8.0,80.0,589.9534758761214,16.61429290352735,-0.1242446182879162,0.1354330702002047,0.5167541014491566,0.4821585362591708,0.0,0.0,0.43860000000000005,35.899999999999906,36.10000000000015,-0.7578659057617188,0.07728028297424316,0.10144486772136324,-0.9948411626048628,0.1373426503965058,2.281851021834304,1732,5.588052893574198,55.28050629317841,55.28050629317841,993.8570687752659,4.03034822817549,4.03034822817549,6.902599077367925,23.730031659164393,66.93806901120385,35.43048858642578,3.1141006729667424,18.539351417366415,0.31481050808414884,-1.0,-1.8369701987210297e-16,-0.9995462806873573,-0.03012030484690836,2012
883f6a916bfffff,2013-09-23,1,POZITIF,-,MED,25.219635009765625,6.799468994140625,2.192183494567871,30.78858184814453,96748.8125,0.1960601806640625,2.221311092376709,88.99136723036405,44.003455410233975,956.78581404988,4.14300720219109,78.93157244187218,14.83120149073882,18.104997276794165,18.71210569309187,22.31610598392581,2.0,49.0,507.9689126798263,15.820252816915785,0.3284353707971374,-0.6796906798509907,0.5767013416257849,0.4026241507509515,0.0079618840598025,0.0,0.4898,36.39999999999991,30.40000000000007,0.2106329600016276,-1.234757423400879,-0.9857601602834308,0.16815738579671388,0.7252408268694878,11.473493234224346,2092,5.149358105764579,41.80327180538198,977.9124287807599,1100.7718603465905,3.7566145437170344,6.886442188867505,7.004674945001627,7.566879000574946,32.51271511260805,4.442622184753418,14.905683700781083,7.264322490163875,0.46087053605457784,-1.0,-1.8369701987210297e-16,-0.9911140639934546,-0.13301470653419636,2013
883f630403fffff,2022-01-25,0,Tip1_Zit_Mevsim,b,MED,0.285064697265625,-4.981170654296875,1.211201786994934,67.63741302490234,92413.3125,0.3864288330078125,0.20180940628051758,21.966353794950944,0.055183167084021725,0.0,0.0002890266200320442,0.0,5.780532400640885e-05,34.687145829200745,142.83754709493223,444.38870182925893,0.0,85.0,1350.5106123638682,24.17489516127308,0.3802366147634201,0.1751958184094294,0.9236505065016504,0.0758287874282787,0.0,0.0,0.5434,36.99999999999992,28.800000000000047,-0.7154281536738077,-1.7613970041275024,-0.9264921393793802,-0.3763141183482478,-0.30540595505689244,-7.383156945128853,180,5.241400620154969,2151.9276708890256,2151.9276708890256,4255.311610957429,7.674583902229234,7.674583902229234,8.356158245201556,2.639391094132628e-05,7.001391173438356e-05,0.0,-6.0332027978111,3.141141306508257e-05,0.1396264997429645,0.49999999999999994,0.8660254037844387,0.4171936026123168,0.9088176373395029,2022
883f683601fffff,2022-01-25,0,Tip1_Zit_Mevsim,b,MED,-2.589935302734375,-3.473358154296875,1.6194342374801636,93.61608123779297,90795.3125,0.38995361328125,0.032227277755737305,3.303015992949759,0.0,0.0,2.3505647279329727e-08,0.0,4.701129455865946e-09,73.13519611948868,210.39845094265183,388.48650948840077,0.0,82.0,391.9521138433244,32.594576030327765,0.0573406156559467,-0.0268028026403251,0.8961892399515214,0.1034289803712843,0.0,0.0002863347578955404,0.43920000000000003,36.79999999999992,32.00000000000009,-1.6407618125279744,-1.0798987944920857,-0.5497764647758,-0.8353118212850956,-0.03316174401549609,-1.0808929866113541,180,4.852392000185821,16.253098008259354,157.74044708054896,1393.573940904918,2.847991722033876,5.067270460091603,7.240344228899522,2.6363933988496222e-09,7.613169995655804e-09,0.0,-5.624875114099268,2.0647360570163234e-09,0.420851798668684,0.49999999999999994,0.8660254037844387,0.4171936026123168,0.9088176373395029,2022
883f6631d3fffff,2025-07-29,0,Tip4_Mevsim_Ici,b,MED,30.699371337890625,20.499176025390625,4.251062870025635,54.605323791503906,99586.25,0.0870361328125,2.004751443862915,89.81361567378536,405.86020909844103,803.7218682051283,5.171425937350097,404.18518363027744,25.70293563699804,0.005135189974680543,0.03571983371512033,30.62413416212803,59.0,63.0,37.1231758967791,7.684890387540795,-0.2683913112192259,0.3097998838440028,0.834428366010836,0.0937347486689829,0.0135698404963258,0.0,0.31470000000000004,38.09999999999994,26.90000000000002,0.542022705078125,2.0021332105000815,0.9652533371250887,0.26131589153528323,0.22890045694981287,1.7590749213173125,30,6.1387000737384545,53.04355460172937,1778.7601760556886,1782.8836266109595,3.989790288162845,7.484233901655901,7.48654807929196,17.614221792034755,109.26479533710105,118.28033518791199,87.14328606765775,8.088713844963284,0.8519522113204487,-0.4999999999999997,-0.8660254037844388,-0.455906693508459,-0.8900275764346766,2025
883f630519fffff,2021-07-29,0,Tip3_Yakin_Komsu,a,MED,37.771636962890625,4.852203369140625,2.8101134300231934,13.194269180297852,94792.4375,0.12884521484375,5.680036544799805,97.72385327032971,312.3115621318587,779.2017658908637,14.396266787374827,312.30187633833634,50.29137084604971,1.1488847135333344,1.4148519591908553,49.48838448184688,37.0,84.0,296.0807661606844,29.90896124498184,-0.2877825979114398,-0.8184531272699258,0.937416032367211,0.0625839676327889,0.0,0.0,0.5935,36.99999999999992,28.700000000000045,-1.01947021484375,-1.8587717612584431,-0.8767838166972787,-0.48088474583599844,0.8559967181682152,25.60197266952479,4958,4.982058872458092,627.6283595272372,1495.313654154261,1738.4424629286364,6.443540238724796,7.310759798426266,7.461319917257731,20.443442248919204,141.32445662876117,210.16135215759277,13.635241852825857,29.847928597130505,0.37752377765134687,-0.4999999999999997,-0.8660254037844388,-0.455906693508459,-0.8900275764346766,2021
883f681725fffff,2021-07-23,0,Tip2_Kirilma_Noktasi,b,MED,32.978912353515625,13.337554931640625,1.5887130498886108,30.475793838500977,94550.625,0.124786376953125,3.4930362701416016,93.1239695819241,243.6250410954173,717.7523549767358,7.23316488216912,263.5822661347863,32.08803449755515,0.01487880910281092,0.7106783363851719,45.6482059583941,31.0,84.0,239.58023809044465,15.369102628115296,-0.2810834658568362,-0.3920905479307864,0.9565788237609766,0.042660696152418,0.000760480086605261,0.0,0.4466,36.89999999999992,31.500000000000085,0.14069048563639322,-0.6131668488184611,-0.9746723794478748,0.22363754770033123,0.31929901030738794,4.907339258469889,4952,5.7186575545079785,397.1431499741103,397.1431499741103,3750.667052504496,5.9868116139192855,5.9868116139192855,8.229955567517097,17.75751829094702,50.9786791515418,108.28412437438965,21.18954757350366,14.330516206608129,0.22738741756304698,-0.4999999999999997,-0.8660254037844388,-0.3617137307297674,-0.9322892131745134,2021
882c33cd8bfffff,2016-07-19,1,POZITIF,-,CON,33.396636962890625,9.199859619140625,2.4781436920166016,22.625328063964844,86494.875,0.1127166748046875,3.9794921875,96.72139071699497,226.09438039123225,470.66288312804596,12.38666706343164,225.55384610927732,45.14919723918781,0.011604846664340585,7.0916800404138485,180.92572472832944,28.0,47.0,1331.3825756182275,15.013545602152425,-0.4411435414575012,-0.6096642011917576,0.0208680432362082,0.9791319567637918,0.0,0.0,0.3059,37.79999999999993,42.20000000000024,0.34128443400065106,1.073970913887024,0.9530368850398487,0.30285424836634234,-0.7146346668938782,-10.729200160290247,3122,5.162438633250366,2236.0291274951223,2236.0291274951223,2797.575881187549,7.712903982189948,7.712903982189948,7.936865952913801,31.338057803720254,111.88619833790662,111.42578125,22.798574082611594,13.81113943546755,0.2844222428116018,-0.4999999999999997,-0.8660254037844388,-0.3131070409358267,-0.9497178427914317,2016
882c309235fffff,2020-09-01,1,POZITIF,-,CON,36.113189697265625,0.162506103515625,4.6309638023376465,10.338950157165527,88119.0,0.1297454833984375,5.359930992126465,98.13006372597613,252.5455175109273,824.6368940764746,16.649639833249882,286.06902806143927,54.95972947701063,0.003015994530869648,8.298710100265453,41.694648882054025,28.0,63.0,1075.4998871287344,15.344820298635444,-0.3575805385356437,0.3532697123829154,0.0932285945982744,0.7891254472210498,0.0065985880812977,0.00010151673971227378,0.21795,38.599999999999945,40.40000000000021,-0.9197057088216146,0.9717612663904825,0.7262922499234832,-0.6873860397921132,0.5023729245271567,7.708822249769165,4627,5.432629001810124,44.01751896308266,950.6904922228672,1558.0766554030336,3.807051724299457,6.858239868719334,7.351849037446832,42.981256437496164,254.5165177943056,150.07806777954102,0.7525598830397939,11.978473039514467,0.9633688314457501,-1.0,-1.8369701987210297e-16,-0.8800122039735356,-0.4749510720670502,2020
882c15498bfffff,2021-07-07,1,POZITIF,-,CON,31.412750244140625,3.145660400390625,3.5716392993927,16.646989822387695,84336.5625,0.1136474609375,3.833608865737915,97.19102914840974,392.3979112066813,607.8072751527219,13.936763609528345,389.1831305226487,49.36373636730318,0.10975228794995928,0.22060437329491833,55.87294324508548,43.0,71.0,1335.44107326129,26.298141651660245,-0.0801858814484087,-0.7153869703677597,0.3040541390299542,0.686074199279454,0.0098716616905912,0.0,0.39815,37.199999999999925,43.80000000000026,0.4347241719563802,0.5967688163121542,0.8082780960945438,0.5888009165870748,-0.6254451388738622,-16.448044857447144,374,4.965492765922424,2763.3100498907243,3324.2414739005035,2479.3956564960977,7.924546352941903,8.109297574182454,7.816173365343766,29.70956473266142,176.30946077432068,164.84518122673035,11.235164308578533,19.654171634641763,0.40020401689272855,-0.4999999999999997,-0.8660254037844388,-0.09453674981719933,-0.9955213724144752,2021
882c35d0e1fffff,2015-09-14,1,POZITIF,-,CON,25.649078369140625,-4.232269287109375,3.4791452884674072,13.558067321777344,82080.3125,0.2171783447265625,2.845959186553955,96.66073588793577,151.32222254976338,848.3805017359065,12.921884984225866,209.3099892676505,46.06448302828234,0.4922141648057732,13.861979771980259,30.47243275821529,15.0,49.0,2383.544924979819,24.425999570697797,-0.6446861083254612,-0.173957970231762,0.002619699109974,0.8341027135420267,0.0,0.0,0.41185,39.299999999999955,40.000000000000206,0.5918295383453369,0.5192394256591797,0.659502926354485,0.7517019955606549,-0.5993376245690152,-14.639420560425803,2813,4.67891035010653,2308.1343811759966,2496.837861431327,3269.3948286131863,7.744628006524583,7.823180781225598,8.092665999297651,27.092825693084254,160.26502909353533,42.689387798309326,-14.724679749771894,18.97165733519808,0.39786086793761055,-1.0,-1.8369701987210297e-16,-0.9587178169872964,-0.2843591872810036,2015
882c3222dbfffff,2016-07-02,1,POZITIF,-,CON,36.285064697265625,7.429107666015625,1.5413647890090942,17.097618103027344,91312.9375,0.1949615478515625,5.002786159515381,97.36808922983354,161.6491020876728,489.24224649595106,12.881710090259851,177.05096903567897,44.912434337543104,0.050909982033772394,22.004924766923068,133.75561462782207,13.0,51.0,934.352710658631,16.802737344717908,0.2481031813658552,-0.1970822782844401,0.1680304105431485,0.8309290827341573,0.0,0.0,0.2393,37.59999999999993,41.90000000000023,0.5988012949625651,-1.0840793053309123,-0.87534241165006,0.48350352880476155,0.29247324046506884,4.914351039893073,3105,5.125947346238182,458.70785072157736,458.70785072157736,1866.4116934017356,6.13059118059017,6.13059118059017,7.532308629892561,34.16488880056904,69.22644487657193,65.03622007369995,11.450964970154018,10.747545536974066,0.21616227181902772,-0.4999999999999997,-0.8660254037844388,-0.02581844022713239,-0.9996666485105112,2016
882c338a47fffff,2020-08-28,0,Tip2_Kirilma_Noktasi,a,CON,32.374908447265625,0.884429931640625,1.8012285232543945,13.410072326660156,86743.375,0.1141204833984375,4.205187797546387,96.82871644184783,108.1479912709135,707.1467051081356,12.144749333858883,156.4709775359839,42.13809373448925,14.10005673917476,17.97405558178434,43.34281328340876,6.0,74.0,1234.795354674414,18.73271251410721,-0.2785772764828322,0.3782712145805575,0.8446999816253891,0.1553000183746111,0.0,0.0,0.49760000000000004,38.19999999999994,41.90000000000023,-0.0004169146219889323,-0.1950142780939738,-0.9999977147698242,-0.00213786228022837,-0.37767479029224194,-7.074873270370296,4623,5.382528336926691,1004.7566757593365,1004.7566757593365,2471.492718184832,6.9134954484010445,6.9134954484010445,7.812982118370116,21.1701782922074,75.90033635012934,25.23112678527832,1.593060419691028,20.967915442281853,0.22761477971385458,-0.8660254037844385,-0.5000000000000004,-0.8452490573530634,-0.5343725582809785,2020
882c14b4e7fffff,2018-10-01,0,Tip2_Kirilma_Noktasi,a,CON,24.995513916015625,3.392974853515625,2.0247442722320557,24.603071212768555,83435.1875,0.1009063720703125,2.3877689838409424,94.89112555773187,174.7586683193967,1023.6871853135233,9.445061170794864,244.96807660332325,38.132250775604234,0.020181100291665643,5.150721453850565,6.780260180639743,12.0,75.0,1469.6209783145591,31.754307323574015,0.1940320351954013,-0.192934152773873,0.3307956253110069,0.6691721908682116,0.0,0.0,0.4178,37.59999999999993,42.800000000000246,-0.08365654945373535,-0.2390361229578654,-0.9438658585372193,-0.33032898917260956,0.11800955369586154,3.747311635176197,3926,4.7956485245711145,3921.9470371598445,3921.9470371598445,3922.2358150124473,8.274598445521896,8.274598445521896,8.274672055290665,22.200596401556787,77.20805634522104,28.65322780609131,6.86990640048316,15.931654374047449,0.21831072084955588,-0.8660254037844386,0.5000000000000001,-0.9999907397361901,0.004303538296243821,2018
882c34624dfffff,2020-07-16,0,Tip2_Kirilma_Noktasi,b,CON,35.963287353515625,4.796051025390625,0.40019696950912476,14.50436782836914,90516.4375,0.132781982421875,5.069070816040039,97.13311270518872,198.43418045624574,537.978496141753,11.786980548769636,206.4733462711663,43.383539412462724,1.9426974389934912,10.067775524839817,120.96879711296788,3.0,72.0,976.96872598328,11.982710972889771,0.5401163918893871,-0.0854496349828413,0.5193360950369159,0.4490313981948455,0.0305153551751759,0.0,0.5672,38.39999999999994,40.000000000000206,0.44646326700846356,-0.7280275026957194,-0.8524693089026256,0.5227772732044497,0.3552037658447641,4.256304062599824,4580,5.821997486725749,383.41574181468513,543.0545278836878,2551.5585115276244,5.951724627908748,6.299049476913051,7.844851472999447,18.776395857713865,17.361960999447255,15.207212448120117,1.9193650859724585,24.60714355474886,0.05756801238968437,-0.4999999999999997,-0.8660254037844388,-0.2636654927280072,-0.9646141756912435,2020
882c3380b5fffff,2023-09-11,0,Tip2_Kirilma_Noktasi,b,CON,25.480133056640625,-0.243499755859375,4.2823638916015625,18.40951919555664,82751.0,0.1133880615234375,2.6594510078430176,95.1453963469167,406.21341472141853,900.5549186803206,10.958077788774265,405.3457108336177,42.38529827949251,0.5825763622997329,1.8514517284347676,13.063160416699247,48.0,76.0,1611.0281808229806,24.34749570385303,-0.5166328280143787,0.1736848155304464,0.3181655657343828,0.6818344342656172,0.0,0.0,0.49905000000000005,38.29999999999994,42.000000000000234,0.49733606974283856,1.029727300008138,0.9004741303716413,0.4349095774197626,-0.0682898816893727,-1.6626876010486336,5732,5.121458860824929,734.2536975841656,734.2536975841656,868.9927130293362,6.600215606437665,6.600215606437665,6.768484835785203,21.232915173111774,181.50927088686055,127.65364837646484,-1.0427545621059835,21.15238310638074,0.5634529483577073,-1.0,-1.8369701987210297e-16,-0.9427611433904206,-0.33346877891818705,2023
882c334947fffff,2019-07-29,0,Tip4_Mevsim_Ici,b,CON,34.112701416015625,5.639801025390625,2.571906805038452,17.038877487182617,88306.4375,0.1285858154296875,4.440684795379639,97.4869456974142,470.4567483913705,719.8782010578725,13.78442561267085,466.05325418751147,49.03866195480369,0.009051678091054782,0.04642201748356456,79.76801423152938,58.0,76.0,1049.4289005924954,17.761263600356944,0.4445611936247517,0.3209320741344569,0.0859609367456327,0.8939995767839267,0.0012573215353292,0.0,0.30460000000000004,37.49999999999993,42.40000000000024,-0.12248865763346355,0.5185491641362509,0.9732171671875095,-0.22988768016472544,0.2101374625550924,3.7323068647511333,30,5.466053387139506,961.0517945233254,1666.0911084611146,1483.2193841933936,6.869068289677198,7.41883553540315,7.302644245815519,34.10148552337049,126.12286839153987,257.55971813201904,14.505042636264989,14.937176431433207,0.32683752515051,-0.4999999999999997,-0.8660254037844388,-0.455906693508459,-0.8900275764346766,2019
882d034cc7fffff,2020-02-18,1,POZITIF,-,BLK,5.890777587890625,-0.148040771484375,1.2571930885314941,65.1088638305664,93235.0,0.4105377197265625,0.323811411857605,73.46662376284799,1.618351392039978,2.6237937011718744,0.7566163315473116,1.4219514279316516,0.21429328420382293,14.245917398715392,129.96913391829003,249.99148164771032,5.0,74.0,454.15912495233954,24.123078815587476,0.6783247040306312,0.3700295776116645,0.9106329001902695,0.0463784164428717,0.0032184121919958,0.0295314846561915,0.70225,40.699999999999974,36.10000000000015,-0.1030426025390625,0.8247330983479818,0.9922851361347569,-0.12397664540560448,0.28307842849280995,6.828723241524698,4431,5.105231643639087,222.6643749488055,222.6643749488055,1883.343263382122,5.4101466021205535,5.4101466021205535,7.541334637787452,0.06380582537168827,0.2694080358197614,1.619057059288025,-0.18611583473102655,0.15048745883213466,0.19612548145398104,0.8660254037844386,0.5000000000000001,0.7469720876965552,0.6648553979642865,2020
882d3500e3fffff,2017-08-27,1,POZITIF,-,BLK,25.599761962890625,16.198883056640625,3.529470443725586,56.09712219238281,101085.625,0.2202301025390625,1.4412106275558472,87.02003094559296,31.002649779056156,425.81084961881425,3.3419452265499348,52.45700877669182,9.834844956610043,19.84449279308319,40.26999220059952,228.52100005437387,4.0,78.0,22.261122326718876,1.364244845092825,0.2184715638691119,0.017018224419211,0.9785690736448072,0.0184549659879823,0.0,0.0025109665598335,0.71445,40.799999999999976,30.600000000000072,-1.0350126028060913,-1.2190265258153279,-0.7622971394723826,-0.6472272175613621,-0.1543736861929483,-0.21060350560670715,89,8.053013172619494,200.5273159431459,1915.2853525542494,2940.783103323296,5.305924935192185,7.558143878837373,7.986771174216322,2.8083399773599975,34.71179459297879,5.764842510223389,57.17347896978026,7.026504979250046,0.5597070183991999,-0.8660254037844385,-0.5000000000000004,-0.8263541987239094,-0.5631507242749187,2017
882c200b23fffff,2016-04-20,1,POZITIF,-,BLK,24.956451416015625,7.079010009765625,0.9150164723396301,31.881141662597656,91616.375,0.36224365234375,2.1522629261016846,87.32143508391962,12.811645125533921,19.807036743164065,3.058018147850504,12.58576751536988,3.687514632791239,36.497714781202376,140.04649705265183,464.44570451264735,4.0,75.0,987.5599126207352,24.74717737728073,0.5891084995983068,-0.2567083018685463,0.8880823504637708,0.1119176495362293,0.0,0.0,0.685,41.09999999999998,41.10000000000022,-1.0297616322835286,1.9013595581054688,0.8793193631253089,-0.4762325667495884,-0.5062812333657303,-12.529031484890186,3032,5.089794131953345,271.90663829847404,271.90663829847404,1772.3483329620904,5.609129752440335,5.609129752440335,7.480624752069077,1.1615671093292401,3.3741366309974063,8.609051704406738,6.477410766792673,2.525947523461999,0.13844734581005497,0.8660254037844387,-0.4999999999999998,0.9427611433904207,-0.3334687789181868,2016
882d31b625fffff,2020-08-25,1,POZITIF,-,BLK,26.421539306640625,16.867584228515625,2.666916608810425,55.759239196777344,95299.3125,0.13336181640625,1.5245883464813232,87.44477100099016,92.06925830031355,571.9861369146772,3.399588495769542,131.3014518629758,16.542290314117036,4.798709892638726,8.428915988391964,152.906374114973,3.0,48.0,530.2355692786787,20.365557014252417,0.2961779497591922,-0.0266705808797015,0.838697937282843,0.1527037427980823,9.345999912037644e-05,0.0,0.8051,41.19999999999998,31.80000000000009,0.7343482971191406,-0.665164033571879,-0.6713314840712412,0.7411572292669787,0.2374192292565094,4.835174849703308,4620,4.859491272751375,338.3110302276082,499.4818756580344,744.8959782388887,5.826917180037524,6.215571385628128,6.614586151123132,3.22409238222141,44.11690878648254,4.57376503944397,44.984440529537096,13.318197931895627,0.3906472773111576,-0.8660254037844385,-0.5000000000000004,-0.8165380514459157,-0.5772916165517278,2020
882d014847fffff,2015-02-01,1,POZITIF,-,BLK,14.684234619140625,2.679595947265625,8.047174453735352,44.327552795410156,94231.4375,0.382171630859375,0.9302785992622375,86.27709338439054,7.93873332749643,21.405788574218754,3.7769320924792873,8.238741154344293,3.60820833753444,2.363299829652533,63.93582920363406,245.82833387717255,4.0,72.0,592.6620100709284,26.959008272393312,0.4436828532150216,-0.4948686858105956,0.932479195183632,0.0663266051718173,0.0,0.0,0.4606,41.59999999999999,35.40000000000014,3.0016459226608276,6.527120590209961,0.9085342866366227,0.41781030385293655,-0.26422990072562647,-7.123376079475827,2588,4.950747027325127,190.39498508721985,234.2651655342335,1978.8503226938014,5.254339277459398,5.460713241995465,7.590776526232075,1.946267577266077,29.035881957562047,3.72111439704895,21.563176053168718,1.661940760268363,1.2866546083832262,0.8660254037844386,0.5000000000000001,0.5234156073655503,0.8520775211013093,2015
882d1d99d9fffff,2020-05-18,0,Tip1_Zit_Mevsim,a,BLK,22.734771728515625,13.846099853515625,2.7694196701049805,57.24740219116211,96045.3125,0.222991943359375,1.1819736957550049,88.24535840409163,36.60786046610315,134.00895217820226,3.8322049213793403,43.504734170648234,9.86876756225328,0.25262422824744135,49.48313477181364,218.73155242064968,11.0,78.0,450.4338550193626,25.285830371127087,-0.5767577126713342,-0.1664396758431849,0.9950981155272792,0.0049018844727208,0.0,0.0,0.9167000000000001,40.99999999999998,36.70000000000016,0.08851687113444011,-0.42715660730997723,-0.9791968604292254,0.20291256374494943,0.045945821898691314,1.1617782587923249,4521,5.104533328107086,27.336951310919417,27.336951310919417,1675.092913734511,3.3441666529966754,3.3441666529966754,7.4242207172944985,0.8220683379356976,27.330759006598214,13.001710653305054,38.34566128856386,9.046699224317583,0.6375030912303032,0.49999999999999994,-0.8660254037844387,0.6807734094770161,-0.7324940716135789,2020
882d35b105fffff,2009-07-18,0,Tip6_Bolgesel_Referans,a,BLK,28.497711181640625,19.534820556640625,3.918671131134033,58.387813568115234,99527.0625,0.240203857421875,1.6190729141235352,83.99900501046278,18.422999690849323,458.57336420833894,2.2416658591547596,33.483076511306486,5.121947470547747,31.906121850013733,44.6944894156768,110.33153026367654,2.0,80.0,36.85113111802264,4.440751357929157,-0.2683787386189372,-0.4086545718630435,0.9507904725012322,0.0156035798138074,0.008904068482762,0.0,0.84775,41.19999999999998,30.200000000000067,-0.020907084147135418,-0.24823645750681558,-0.3968249931512215,-0.02559695496119532,-0.005688288695348653,-0.03666373157872658,564,6.9246305923531075,95.5332796192936,152.9178789706445,1282.8010557869607,4.569887815413328,5.036419206746076,7.157580531269426,0.7798165023908945,20.07122768802044,3.2381458282470703,76.55053736719128,4.3421309681568525,0.7035457914053586,-0.4999999999999997,-0.8660254037844388,-0.2802306751992161,-0.9599326896597445,2009
882d045197fffff,2025-07-21,0,Tip2_Kirilma_Noktasi,a,BLK,28.067047119140625,7.646636962890625,2.3015499114990234,27.59689712524414,91541.0,0.1475372314453125,2.7474892139434814,92.74599698564342,250.35705467247712,546.3441657943802,7.110836626585665,249.89106462810435,31.645085112691653,2.5957989911257755,7.399508780159522,109.40245076603605,2.0,82.0,626.6849289149876,16.826310977131577,-0.3612852177456392,-0.4280965140360575,0.9953545545170466,0.0025406854503069,0.0,0.0,0.48900000000000005,41.09999999999998,32.800000000000104,1.0032087961832683,-0.7323102156321207,-0.5895945880357631,0.8076993387139417,-0.03940644362763962,-0.6630650749814693,6411,5.599360027704195,402.51810742845885,1880.4508060393493,1104.7500442762896,6.0002213626100716,7.539798463552611,7.008279156790298,16.170638492585432,72.83274284049453,5.494978427886963,17.59911662520608,15.47444662010622,0.32878244733690504,-0.4999999999999997,-0.8660254037844388,-0.3294084822245302,-0.9441875088341994,2025
882d005429fffff,2020-09-16,0,Tip1_Zit_Mevsim,a,BLK,25.101959228515625,4.846099853515625,2.792926788330078,27.077688217163086,91179.125,0.1501007080078125,2.324082851409912,93.46806496304835,110.48224069763384,567.6890984667549,8.063975139356033,148.6431030239981,31.783011670571693,1.9485967661021277,15.449675782409031,116.87943792840815,3.0,64.0,525.7051010348272,18.25631189433077,-0.299604448585496,0.2334450809989406,0.6692509367342521,0.2855354520895405,0.0255467558649046,9.500536314589214e-05,0.4801,41.09999999999998,34.300000000000125,-1.2228355407714844,-0.7593358357747396,-0.5275305909965131,-0.8495360354704617,0.13137535391603605,2.3984294363192435,2905,5.264904672507863,273.1551518874731,1101.9063330302333,371.24993055014374,5.6136941938947995,7.005704095457401,5.919565484996321,16.523987767530222,88.76762470854719,6.972248554229736,13.534802099806257,15.25902390304147,0.4222945159617859,-1.0,-1.8369701987210297e-16,-0.9721181966290612,-0.23449138957041052,2020
882d044d93fffff,2018-08-19,0,Tip2_Kirilma_Noktasi,b,BLK,26.229156494140625,5.006500244140625,2.996126413345337,25.613277435302734,88825.1875,0.1251068115234375,2.5345373153686523,92.79191814000953,107.83666314880803,610.8797314656694,7.411750333792319,149.63627992274726,30.086645855359393,1.044497722235974,28.059659679274773,145.7043672236323,18.0,66.0,1214.6542667399012,15.697658526351995,-0.0726800777757287,-0.6722156593342784,0.4711330430389632,0.5233971246211984,0.0054698323398382,0.0,0.54015,41.09999999999998,33.20000000000011,-0.6061541239420573,-1.6481772661209106,-0.9385404453940834,-0.3451692807297248,0.6559885144816998,10.297483697542635,3883,5.45534966988633,570.1156655431436,702.3159921727374,1394.6492549721227,6.347591755767632,6.555806281819474,7.241115001733775,13.835344096587017,90.14339433620928,45.62167167663574,15.000107619889604,16.251301758772378,0.4077698534344223,-0.8660254037844385,-0.5000000000000004,-0.7412220108485957,-0.6712599575675315,2018
